一步滩站,一步滩
一面坡北站,一面坡北
一面坡站,一面坡
一面山站,一面山
七台河站,七台河
七泉湖站,七泉湖
七甸站,七甸
七苏木站,七苏木
七营站,七营
七龙星站,七龙星
万乐站,万乐
万发屯站,万发屯
万宁站,万宁
万安县站,万安县
万州北站,万州北
万州站,万州
万年站,万年
万源站,万源
三义井站,三义井
三亚站,三亚
三元坝站,三元坝
三关口站,三关口
三十家站,三十家
三原站,三原
三合庄站,三合庄
三家子站,三家子
三家寨站,三家寨
三家店站,三家店
三把火站,三把火
三明北站,三明北
三明站,三明
三水北站,三水北
三水南站,三水南
三水站,三水
三汇镇站,三汇镇
三江南站,三江南
三江县站,三江县
三江口站,三江口
三江站,三江
三河县站,三河县
三源浦站,三源浦
三穗站,三穗
三营站,三营
三道营站,三道营
三都县站,三都县
三门县站,三门县
三门峡南站,三门峡南
三门峡站,三门峡
三门峡西站,三门峡西
三间房站,三间房
三阳川站,三阳川
三阳站,三阳
上万站,上万
上仓站,上仓
上安站,上安
上普雄站,上普雄
上板城南站,上板城南
上板城站,上板城
上海南站,上海南
上海站,""
上海虹桥站,上海虹桥
上海西站,上海西
上腰墩站,上腰墩
上虞站,上虞
上西铺站,上西铺
上谷站,上谷
上饶站,上饶
上高镇站,上高镇
下仓站,下仓
下台子站,下台子
下城子站,下城子
下板城站,下板城
下社站,下社
下花园北站,下花园北
下花园站,下花园
下马塘站,下马塘
东丰站,东丰
东乡站,东乡
东二道河站,东二道河
东京城站,东京城
东元庆站,东元庆
东光站,东光
东兴站,东兴
东升站,东升
东南营子站,东南营子
东台站,东台
东坡站,东坡
东城南站,东城南
东大坝站,东大坝
东安东站,东安东
东富站,东富
东岔站,东岔
东庄站,东庄
东戴河站,东戴河
东方站,东方
东方红站,东方红
东明县站,东明县
东明村站,东明村
东来站,东来
东沟门站,东沟门
东海县站,东海县
东海站,东海
东淤地站,东淤地
东港北站,东港北
东湾站,东湾
东胜东站,东胜东
东胜西站,东胜西
东至站,东至
东花园北站,东花园北
东莞东站,东莞东
东莞站,东莞
东莞西站,东莞西
东营南站,东营南
东营子站,东营子
东营站,东营
东辛庄站,东辛庄
东边井站,东边井
东通化站,东通化
东镇站,东镇
东阳关站,东阳关
两家站,两家
两当站,两当
中兴站,中兴
中卫站,中卫
中台子站,中台子
中和站,中和
中嘴站,中嘴
中宁东站,中宁东
中宁南站,中宁南
中宁站,中宁
中寨站,中寨
中山北站,中山北
中山站,中山
中川机场站,中川机场
丰乐镇站,丰乐镇
丰城东站,丰城东
丰城南站,丰城南
丰城站,丰城
丰广站,丰广
丰水村站,丰水村
丰都站,丰都
丰镇站,丰镇
丰顺东站,丰顺东
丰顺站,丰顺
串子沟站,串子沟
临城站,临城
临江场站,临江场
临江溪站,临江溪
临江站,临江
临汾站,临汾
临汾西站,临汾西
临沂东站,临沂东
临沂北站,临沂北
临沂站,临沂
临河站,临河
临泉站,临泉
临泽南站,临泽南
临泽站,临泽
临海站,临海
临淄北站,临淄北
临清站,临清
临湘站,临湘
临澧站,临澧
临邑站,临邑
临颍站,临颍
临高南站,临高南
丹东站,丹东
丹凤站,丹凤
丹江口站,丹江口
丹阳北站,丹阳北
丹阳站,丹阳
丹霞山站,丹霞山
丽水站,丽水
丽江站,丽江
乃林站,乃林
义乌站,义乌
义县站,义县
义县西站,义县西
义马站,义马
乌伊岭站,乌伊岭
乌兰哈达站,乌兰哈达
乌兰察布站,乌兰察布
乌兰浩特站,乌兰浩特
乌兰站,乌兰
乌兰胡同站,乌兰胡同
乌兰花站,乌兰花
乌固诺尔站,乌固诺尔
乌奴耳站,乌奴耳
乌尔旗汗站,乌尔旗汗
乌拉山站,乌拉山
乌拉特前旗站,乌拉特前旗
乌海北站,乌海北
乌海站,乌海
乌海西站,乌海西
乌苏站,乌苏
乌鲁布铁站,乌鲁布铁
乌鲁木齐南站,乌鲁木齐南
乌鲁木齐站,乌鲁木齐
乌龙泉南站,乌龙泉南
乐东站,乐东
乐善村站,乐善村
乐山站,乐山
乐平市站,乐平市
乐昌东站,乐昌东
乐昌站,乐昌
乐武站,乐武
乐清站,乐清
乐跃站,乐跃
乐都站,乐都
乔庄东站,乔庄东
九三站,九三
九台南站,九台南
九台站,九台
九江站,九江
九营站,九营
九龙塘站,九龙塘
乳山站,乳山
乾县站,乾县
乾安站,乾安
二井站,二井
二岔站,二岔
二营站,二营
二连站,二连
二道桥站,二道桥
二道沙河站,二道沙河
二道沟门站,二道沟门
二道湾站,二道湾
二龙屯站,二龙屯
二龙山屯站,二龙山屯
二龙站,二龙
于都站,于都
云东海站,云东海
云南驿站,云南驿
云居寺站,云居寺
云山站,云山
云彩岭站,云彩岭
云梦东站,云梦东
云梦站,云梦
云浮东站,云浮东
云霄站,云霄
互助站,互助
五十家子站,五十家子
五原站,五原
五叉沟站,五叉沟
五台山站,五台山
五大连池站,五大连池
五女山站,五女山
五家站,五家
五寨站,五寨
五常站,五常
五府山站,五府山
五林站,五林
五棵树站,五棵树
五莲站,五莲
五营站,五营
五通站,五通
五道沟站,五道沟
五道河站,五道河
五龙背东站,五龙背东
五龙背站,五龙背
井冈山站,井冈山
井南站,井南
井店站,井店
井陉站,井陉
亚复站,亚复
亚布力南站,亚布力南
亚布力站,亚布力
亚布力西站,亚布力西
亚河站,亚河
亚龙湾站,亚龙湾
交城站,交城
京山站,京山
亭亮站,亭亮
亳州南站,亳州南
亳州站,亳州
什里店站,什里店
仁布站,仁布
介休东站,介休东
介休站,介休
从江站,从江
仙人桥站,仙人桥
仙林站,仙林
仙桃西站,仙桃西
仙水站,仙水
仙游站,仙游
代县站,代县
仲恺站,仲恺
任丘站,任丘
任家店站,任家店
伊图里河站,伊图里河
伊宁站,伊宁
伊拉哈站,伊拉哈
伊敏站,伊敏
伊敏索木站,伊敏索木
伊春站,伊春
伊通站,伊通
会同站,会同
会昌北站,会昌北
低庄站,低庄
低窝铺站,低窝铺
余姚北站,余姚北
余姚站,余姚
余杭站,余杭
余江站,余江
余粮堡站,余粮堡
佛坪站,佛坪
佛山站,佛山
佛山西站,佛山西
佛岭站,佛岭
佟家站,佟家
佳木斯站,佳木斯
佳木斯西站,佳木斯西
依兰站,依兰
依安站,依安
侯马站,侯马
侯马西站,侯马西
保定东站,保定东
保定站,保定
保家楼站,保家楼
保康站,保康
俞冲站,俞冲
信丰站,信丰
信宜站,信宜
信阳东站,信阳东
信阳站,信阳
修文县站,修文县
修武西站,修武西
倭肯站,倭肯
偃师站,偃师
偏岭站,偏岭
偏岭镇站,偏岭镇
偏店站,偏店
元宝山站,元宝山
元氏站,元氏
元田坝站,元田坝
元谋西站,元谋西
光山站,光山
光明城站,光明城
光明站,光明
光泽站,光泽
克一河站,克一河
克东站,克东
克山站,克山
克拉玛依站,克拉玛依
免渡河站,免渡河
兑镇站,兑镇
兖州站,兖州
全州南站,全州南
全椒站,全椒
八仙筒站,八仙筒
八方站,八方
八苏木站,八苏木
八虎力站,八虎力
八达岭长城站,八达岭长城
八里甸子站,八里甸子
八面城站,八面城
八面通站,八面通
公主岭南站,公主岭南
公主岭站,公主岭
公庙子站,公庙子
公积坂站,公积坂
六个鸡站,六个鸡
六合镇站,六合镇
六安站,六安
六枝站,六枝
六盘山站,六盘山
六盘水站,六盘水
六道河子站,六道河子
六道河站,六道河
兰家屯站,兰家屯
兰岗站,兰岗
兰岭站,兰岭
兰州东站,兰州东
兰州新区站,兰州新区
兰州站,兰州
兰州西站,兰州西
兰棱站,兰棱
兰溪站,兰溪
兰考南站,兰考南
兰考站,兰考
兰陵北站,兰陵北
共青城站,共青城
关寨站,关寨
关岭站,关岭
关林站,关林
兴业站,兴业
兴义站,兴义
兴凯站,兴凯
兴和北站,兴和北
兴国站,兴国
兴国西站,兴国西
兴城站,兴城
兴宁站,兴宁
兴安北站,兴安北
兴安岭站,兴安岭
兴平站,兴平
兴文站,兴文
兴泉堡站,兴泉堡
兴莲站,兴莲
兴隆县站,兴隆县
兴隆店站,兴隆店
兴隆镇站,兴隆镇
内乡站,内乡
内江北站,内江北
内江南站,内江南
内江站,内江
册亨站,册亨
冕宁站,冕宁
冕山站,冕山
军粮城北站,军粮城北
农安站,农安
冠豸山站,冠豸山
冯屯站,冯屯
冷水江东站,冷水江东
准格尔站,准格尔
凉水井站,凉水井
凌海站,凌海
凌源东站,凌源东
凌源站,凌源
凤凰城站,凤凰城
凤凰机场站,凤凰机场
凤县站,凤县
凤台南站,凤台南
凤城东站,凤城东
凤州站,凤州
凭祥站,凭祥
凯北站,凯北
凯里南站,凯里南
凯里站,凯里
刀尔登站,刀尔登
分宜站,分宜
刘家河站,刘家河
刚察站,刚察
利川站,利川
利津南站,利津南
到保站,到保
前山站,前山
前窑站,前窑
前苇塘站,前苇塘
前进镇站,前进镇
前锋站,前锋
剑门关站,剑门关
加劳站,加劳
加南站,加南
加格达奇站,加格达奇
励家站,励家
劲松站,劲松
勃利站,勃利
包头东站,包头东
包头北站,包头北
包头站,包头
包头西站,包头西
化处站,化处
化州站,化州
化德站,化德
北井子站,北井子
北京东站,北京东
北京北站,北京北
北京南站,北京南
北京站,""
北京西站,北京西
北宅站,北宅
北安站,北安
北屯市站,北屯市
北屯站,北屯
北岗站,北岗
北戴河站,北戴河
北板桥站,北板桥
北流站,北流
北海站,北海
北滘站,北滘
北磴站,北磴
北票南站,北票南
北票站,北票
北舍站,北舍
北马圈子站,北马圈子
十八台站,十八台
十堰东站,十堰东
十堰站,十堰
十渡站,十渡
十里坪站,十里坪
千岛湖站,千岛湖
千河站,千河
千阳站,千阳
升昌站,升昌
午汲站,午汲
半截河站,半截河
华容东站,华容东
华容南站,华容南
华山北站,华山北
华山站,华山
华蓥站,华蓥
卓资东站,卓资东
卓资山站,卓资山
南丰站,南丰
南丹站,南丹
南京南站,南京南
南京站,南京
南仇站,南仇
南充北站,南充北
南充站,南充
南华站,南华
南博山站,南博山
南召站,南召
南城司站,南城司
南城站,南城
南堡北站,南堡北
南大庙站,南大庙
南头站,南头
南宁东站,南宁东
南宁站,南宁
南宁西站,南宁西
南岔站,南岔
南峧站,南峧
南峪站,南峪
南平北站,南平北
南平市站,南平市
南张村站,南张村
南昌站,南昌
南昌西站,南昌西
南朗站,南朗
南木站,南木
南杂木站,南杂木
南桥站,南桥
南江口站,南江口
南江站,南江
南汤站,南汤
南河川站,南河川
南洼站,南洼
南湖东站,南湖东
南湾子站,南湾子
南翔北站,南翔北
南芬北站,南芬北
南芬站,南芬
南观村站,南观村
南通站,南通
南部站,南部
南阳东站,南阳东
南阳寨站,南阳寨
南阳站,南阳
南陈铺站,南陈铺
南陵站,南陵
南雄站,南雄
南靖站,南靖
博克图站,博克图
博兴站,博兴
博尔塔拉站,博尔塔拉
博白站,博白
博鳌站,博鳌
卡伦站,卡伦
卢龙站,卢龙
卫星站,卫星
卫辉站,卫辉
即墨北站,即墨北
厉家寨站,厉家寨
原平站,原平
原平西站,原平西
原林站,原林
厦门北站,厦门北
厦门站,厦门
叆河站,叆河
友好站,友好
双丰站,双丰
双凤驿站,双凤驿
双吉站,双吉
双城北站,双城北
双城堡站,双城堡
双子河站,双子河
双峰北站,双峰北
双柳站,双柳
双水镇站,双水镇
双河市站,双河市
双河镇站,双河镇
双洋站,双洋
双流机场站,双流机场
双流西站,双流西
双牌站,双牌
双石桥站,双石桥
双辽站,双辽
双阳站,双阳
双鸭山站,双鸭山
双龙湖站,双龙湖
发耳站,发耳
口前站,口前
古东站,古东
古交站,古交
古北口站,古北口
古城东站,古城东
古城子站,古城子
古城站,古城
古城镇站,古城镇
古家沱站,古家沱
古浪站,古浪
古源站,古源
古田会址站,古田会址
古田北站,古田北
古田站,古田
古莲站,古莲
古镇站,古镇
句容西站,句容西
台前站,台前
台安站,台安
台山站,台山
台州站,台州
叶城站,叶城
叶柏寿站,叶柏寿
司家岭站,司家岭
合川站,合川
合浦站,合浦
合肥北城站,合肥北城
合肥南站,合肥南
合肥站,合肥
合阳北站,合阳北
吉安站,吉安
吉安西站,吉安西
吉文站,吉文
吉新河站,吉新河
吉林站,吉林
吉水西站,吉水西
吉舒站,吉舒
吉首站,吉首
同心站,同心
同江站,同江
名山站,名山
后寨站,后寨
后湖站,后湖
吐列毛杜站,吐列毛杜
吐哈站,吐哈
吐鲁番北站,吐鲁番北
吐鲁番站,吐鲁番
向塘站,向塘
向阳川站,向阳川
向阳站,向阳
吕梁站,吕梁
启东站,启东
吴堡站,吴堡
吴官田站,吴官田
吴家屯站,吴家屯
吴家川站,吴家川
吴川站,吴川
吴桥站,吴桥
周口东站,周口东
周口站,周口
周家站,周家
呼兰站,呼兰
呼和浩特东站,呼和浩特东
呼和浩特站,呼和浩特
呼鲁斯太站,呼鲁斯太
和什托洛盖站,和什托洛盖
和田站,和田
和硕站,和硕
和静站,和静
和龙站,和龙
咸丰站,咸丰
咸宁东站,咸宁东
咸宁北站,咸宁北
咸宁南站,咸宁南
咸宁站,咸宁
咸阳秦都站,咸阳秦都
咸阳站,咸阳
哈业胡同站,哈业胡同
哈克站,哈克
哈力图站,哈力图
哈密站,哈密
哈尔巴岭站,哈尔巴岭
哈尔滨东站,哈尔滨东
哈尔滨北站,哈尔滨北
哈尔滨站,哈尔滨
哈尔滨西站,哈尔滨西
哈尔盖站,哈尔盖
哈拉海站,哈拉海
哈拉苏站,哈拉苏
哈日努拉站,哈日努拉
哈达站,哈达
哈达铺站,哈达铺
哈达阳站,哈达阳
响水县站,响水县
唐家湾站,唐家湾
唐山北站,唐山北
唐山站,唐山
唐河站,唐河
唐海南站,唐海南
商丘东站,商丘东
商丘南站,商丘南
商丘站,商丘
商南站,商南
商城站,商城
商河站,商河
商洛站,商洛
商都站,商都
喀什站,喀什
喀喇其站,喀喇其
喀左站,喀左
喇嘛山站,喇嘛山
喜德站,喜德
嘉兴南站,嘉兴南
嘉兴站,嘉兴
嘉善南站,嘉善南
嘉善站,嘉善
嘉峪关南站,嘉峪关南
嘉峪关站,嘉峪关
嘉祥站,嘉祥
嘎什吐站,嘎什吐
嘎什甸子站,嘎什甸子
四会站,四会
四分滩站,四分滩
四合永站,四合永
四合站,四合
四家子站,四家子
四平东站,四平东
四平站,四平
四方台站,四方台
四棵树站,四棵树
四道湾站,四道湾
四马架站,四马架
团结站,团结
园墩站,园墩
固原站,固原
固始站,固始
固镇站,固镇
图们北站,图们北
图们站,图们
图强站,图强
图里河站,图里河
土们岭站,土们岭
土地堂东站,土地堂东
土桥子站,土桥子
土溪站,土溪
土牧尔台站,土牧尔台
土贵乌拉站,土贵乌拉
土门子站,土门子
圣浪站,圣浪
坝梁站,坝梁
坡底下站,坡底下
坪石站,坪石
垫江站,垫江
城固北站,城固北
城子坦站,城子坦
堡子湾站,堡子湾
塔哈站,塔哈
塔城站,塔城
塔尔根站,塔尔根
塔尔气站,塔尔气
塔崖驿站,塔崖驿
塔河站,塔河
塔源站,塔源
塘沽站,塘沽
塘豹站,塘豹
墨玉站,墨玉
复盛站,复盛
夏坝站,夏坝
夏官营站,夏官营
夏拉哈马站,夏拉哈马
夏格庄站,夏格庄
夏邑县站,夏邑县
大东站,大东
大乌苏站,大乌苏
大余站,大余
大关站,大关
大兴站,大兴
大冶北站,大冶北
大口屯站,大口屯
大口钦站,大口钦
大同南站,大同南
大同站,大同
大坝站,大坝
大埔站,大埔
大堡站,大堡
大孤山站,大孤山
大安北站,大安北
大安站,大安
大官屯站,大官屯
大屯站,大屯
大山铺站,大山铺
大庆东站,大庆东
大庆站,大庆
大庆西站,大庆西
大徐屯站,大徐屯
大战场站,大战场
大扬气站,大扬气
大方南站,大方南
大方站,大方
大旺站,大旺
大明湖站,大明湖
大朗镇站,大朗镇
大杖子站,大杖子
大杨树东站,大杨树东
大杨树站,大杨树
大板站,大板
大林站,大林
大柴旦站,大柴旦
大武口站,大武口
大民屯站,大民屯
大河坝站,大河坝
大涧站,大涧
大湾子站,大湾子
大灰厂站,大灰厂
大理站,大理
大田边站,大田边
大盘石站,大盘石
大石头南站,大石头南
大石头站,大石头
大石寨站,大石寨
大石桥站,大石桥
大磴沟站,大磴沟
大竹园站,大竹园
大红旗站,大红旗
大英东站,大英东
大荔北站,大荔北
大荔站,大荔
大营站,大营
大营镇站,大营镇
大虎山站,大虎山
大西站,大西
大足南站,大足南
大足站,大足
大辛庄站,大辛庄
大连北站,大连北
大连站,大连
大通西站,大通西
大邑站,大邑
大阳站,大阳
大陆号站,大陆号
大雁站,大雁
大雅河站,大雅河
大青沟站,大青沟
天义站,天义
天岗站,天岗
天柱山站,天柱山
天桥沟站,天桥沟
天桥站,天桥
天棚站,天棚
天水南站,天水南
天水站,天水
天河机场站,天河机场
天河街站,天河街
天津北站,天津北
天津南站,天津南
天津站,天津
天津西站,天津西
天祝站,天祝
天镇站,天镇
天门南站,天门南
天门站,天门
太原东站,太原东
太原南站,太原南
太原站,太原
太和东站,太和东
太和北站,太和北
太姥山站,太姥山
太平川站,太平川
太平庄站,太平庄
太平镇站,太平镇
太湖站,太湖
太白站,太白
太谷站,太谷
太谷西站,太谷西
太阳升站,太阳升
太阳山站,太阳山
太阳沟站,太阳沟
头道桥站,头道桥
奇峰塔站,奇峰塔
奈曼站,奈曼
奈林皋站,奈林皋
奉化站,奉化
奎屯站,奎屯
奎山站,奎山
女儿河站,女儿河
如东站,如东
如皋站,如皋
始兴站,始兴
姑家堡站,姑家堡
姚千户屯站,姚千户屯
姚家站,姚家
姚渡站,姚渡
姜堰站,姜堰
姜家站,姜家
威信站,威信
威宁站,威宁
威岭站,威岭
威海北站,威海北
威海站,威海
威箐站,威箐
威舍站,威舍
娄山关南站,娄山关南
娄山关站,娄山关
娄底南站,娄底南
娄底站,娄底
娄烦站,娄烦
娘子关站,娘子关
婺源站,婺源
嫩江站,嫩江
子洲站,子洲
子长站,子长
孔垄站,孔垄
孔家沟站,孔家沟
孔滩站,孔滩
孙吴站,孙吴
孙家站,孙家
孙镇站,孙镇
孝南站,孝南
孝感东站,孝感东
孝感北站,孝感北
孝感站,孝感
孝西站,孝西
孟家岗站,孟家岗
孤山口站,孤山口
孤山子站,孤山子
孤山站,孤山
学庄站,学庄
宁东南站,宁东南
宁东站,宁东
宁国站,宁国
宁安站,宁安
宁强南站,宁强南
宁德站,宁德
宁明站,宁明
宁武站,宁武
宁波站,宁波
宁海站,宁海
宁陵县站,宁陵县
安亭北站,安亭北
安仁站,安仁
安化站,安化
安口窑站,安口窑
安图站,安图
安图西站,安图西
安塘站,安塘
安多站,安多
安家站,安家
安富镇站,安富镇
安平站,安平
安广站,安广
安庆沟站,安庆沟
安庆站,安庆
安庆西站,安庆西
安康站,安康
安德站,安德
安江东站,安江东
安达站,安达
安阳东站,安阳东
安阳站,安阳
安陆站,安陆
安陆西站,安陆西
安靖站,安靖
安顺站,安顺
安顺西站,安顺西
宋城路站,宋城路
宋站,宋
完工站,完工
宏克力站,宏克力
宏庆站,宏庆
官厅西站,官厅西
官高站,官高
定南站,定南
定州东站,定州东
定州站,定州
定襄站,定襄
定西北站,定西北
定西站,定西
定边站,定边
定远站,定远
定陶站,定陶
宜兴站,宜兴
宜宾南站,宜宾南
宜宾站,宜宾
宜宾西站,宜宾西
宜州站,宜州
宜昌东站,宜昌东
宜春站,宜春
宜耐站,宜耐
宜良北站,宜良北
宝丰站,宝丰
宝华山站,宝华山
宝坻站,宝坻
宝拉格站,宝拉格
宝林站,宝林
宝泉岭站,宝泉岭
宝清站,宝清
宝老山站,宝老山
宝鸡南站,宝鸡南
宝鸡站,宝鸡
宝龙山站,宝龙山
宣化北站,宣化北
宣化站,宣化
宣和站,宣和
宣城站,宣城
宣威站,宣威
宣家沟站,宣家沟
宣汉站,宣汉
容县站,容县
容桂站,容桂
宽甸站,宽甸
宾州站,宾州
宾西北站,宾西北
宾阳站,宾阳
宿州东站,宿州东
宿州站,宿州
宿松站,宿松
宿迁站,宿迁
密云北站,密云北
密山站,密山
密山西站,密山西
富县东站,富县东
富宁站,富宁
富川站,富川
富拉尔基站,富拉尔基
富海站,富海
富源北站,富源北
富源站,富源
富裕站,富裕
富锦站,富锦
富阳站,富阳
寒岭站,寒岭
寒葱沟站,寒葱沟
察尔汗站,察尔汗
察素齐站,察素齐
寮步站,寮步
对青山站,对青山
寿县站,寿县
寿阳站,寿阳
射阳站,射阳
将乐站,将乐
小东站,小东
小儿坪站,小儿坪
小关溪站,小关溪
小南海站,小南海
小哨站,小哨
小姑家站,小姑家
小宋站,小宋
小寺沟站,小寺沟
小山站,小山
小岭站,小岭
小市站,小市
小得江站,小得江
小扬气站,小扬气
小新街站,小新街
小榄站,小榄
小榆树站,小榆树
小池口站,小池口
小河沿站,小河沿
小河镇站,小河镇
小西庄站,小西庄
小金口站,小金口
小雨谷站,小雨谷
尔赛河站,尔赛河
尖峰站,尖峰
尚家站,尚家
尚志南站,尚志南
尚志站,尚志
尤溪站,尤溪
尼勒克站,尼勒克
尼木站,尼木
尼波站,尼波
屏山站,屏山
屏边站,屏边
山丹站,山丹
山坡东站,山坡东
山城镇站,山城镇
山市站,山市
山河屯站,山河屯
山海关站,山海关
山湾子站,山湾子
山阴站,山阴
岐山站,岐山
岑溪站,岑溪
岔江站,岔江
岔河站,岔河
岚县站,岚县
岚山西站,岚山西
岢岚站,岢岚
岩会站,岩会
岩山站,岩山
岫岩站,岫岩
岭北站,岭北
岭南站,岭南
岱岳站,岱岳
岳池站,岳池
岳阳东站,岳阳东
岳阳站,岳阳
岷县站,岷县
峡江站,峡江
峨眉山站,峨眉山
峨眉站,峨眉
峨边站,峨边
峰洞站,峰洞
峰高铺站,峰高铺
峻德站,峻德
崇信站,崇信
崇州站,崇州
崇左站,崇左
崔黄口站,崔黄口
崖州站,崖州
嵩明站,嵩明
嵯岗站,嵯岗
巢湖东站,巢湖东
巢湖站,巢湖
左家站,左家
左岭站,左岭
巨野站,巨野
巩义南站,巩义南
巩义站,巩义
巴东站,巴东
巴中站,巴中
巴山站,巴山
巴彦郭勒站,巴彦郭勒
巴彦高勒站,巴彦高勒
巴日图站,巴日图
巴林站,巴林
巴楚站,巴楚
布海站,布海
师宗站,师宗
师庄站,师庄
带岭站,带岭
常山站,常山
常州北站,常州北
常州站,常州
常平东站,常平东
常平南站,常平南
常平站,常平
常庄站,常庄
常德站,常德
常村站,常村
帽儿山站,帽儿山
帽儿山西站,帽儿山西
干塘站,干塘
干溪沟站,干溪沟
平关站,平关
平凉南站,平凉南
平凉站,平凉
平南南站,平南南
平原东站,平原东
平原堡站,平原堡
平原站,平原
平台站,平台
平坝南站,平坝南
平型关站,平型关
平安站,平安
平安驿站,平安驿
平山站,平山
平峪站,平峪
平庄北站,平庄北
平庄南站,平庄南
平庄站,平庄
平度站,平度
平房站,平房
平旺站,平旺
平昌站,平昌
平果站,平果
平河口站,平河口
平泉北站,平泉北
平泉站,平泉
平洋站,平洋
平湖站,平湖
平田站,平田
平社站,平社
平等站,平等
平罗站,平罗
平遥古城站,平遥古城
平遥站,平遥
平邑站,平邑
平阳站,平阳
平顶山站,平顶山
平顶山西站,平顶山西
广元站,广元
广南卫站,广南卫
广南县站,广南县
广宁站,广宁
广安南站,广安南
广安站,广安
广州东站,广州东
广州北站,广州北
广州南站,广州南
广州站,广州
广德号站,广德号
广德站,广德
广水站,广水
广汉北站,广汉北
广通北站,广通北
广顺场站,广顺场
庄桥站,庄桥
庄河北站,庄河北
庆安站,庆安
庆盛站,庆盛
庐山站,庐山
庐江站,庐江
库伦站,库伦
库尔勒站,库尔勒
库车站,库车
库都尔站,库都尔
应县站,应县
应城站,应城
庙城站,庙城
庙宫站,庙宫
庙山站,庙山
庙庄站,庙庄
庙阳站,庙阳
康城站,康城
康金井站,康金井
廉江站,廉江
廊坊北站,廊坊北
廊坊站,廊坊
延吉站,延吉
延吉西站,延吉西
延安站,延安
延平东站,延平东
延平站,延平
延平西站,延平西
建三江站,建三江
建始站,建始
建宁县北站,建宁县北
建安站,建安
建德站,建德
建昌站,建昌
建桥站,建桥
建水站,建水
建湖站,建湖
建瓯站,建瓯
建瓯西站,建瓯西
建阳站,建阳
开化站,开化
开原站,开原
开原西站,开原西
开安站,开安
开封北站,开封北
开封站,开封
开平南站,开平南
开江站,开江
开阳站,开阳
开鲁站,开鲁
弋江站,弋江
弋阳站,弋阳
张三营站,张三营
张兰站,张兰
张台子站,张台子
张家口南站,张家口南
张家口站,张家口
张家川站,张家川
张家界站,张家界
张家界西站,张家界西
张掖站,张掖
张掖西站,张掖西
张桥站,张桥
张百湾站,张百湾
张维屯站,张维屯
张辛站,张辛
弥勒站,弥勒
弯坵站,弯坵
弯道站,弯道
归流河站,归流河
当涂东站,当涂东
当阳站,当阳
当雄站,当雄
彝良南站,彝良南
彝良站,彝良
彬州站,彬州
彭山北站,彭山北
彭山站,彭山
彭州南站,彭州南
彭州站,彭州
彭水站,彭水
彭泽站,彭泽
彭阳站,彭阳
彰武站,彰武
影壁山站,影壁山
徐家店站,徐家店
徐家站,徐家
徐州东站,徐州东
徐州站,徐州
徐水站,徐水
徐闻站,徐闻
得耳布尔站,得耳布尔
得莫利站,得莫利
徘徊北站,徘徊北
微子镇站,微子镇
德仁站,德仁
德令哈站,德令哈
德伯斯站,德伯斯
德保站,德保
德兴东站,德兴东
德兴站,德兴
德安站,德安
德州东站,德州东
德州站,德州
德惠站,德惠
德惠西站,德惠西
德日斯图站,德日斯图
德昌站,德昌
德清站,德清
德清西站,德清西
德阳站,德阳
徽县站,徽县
忙罕屯站,忙罕屯
忠工屯站,忠工屯
忻州站,忻州
忻州西站,忻州西
怀仁东站,怀仁东
怀仁站,怀仁
怀化南站,怀化南
怀化站,怀化
怀安站,怀安
怀来站,怀来
怀柔北站,怀柔北
怀柔站,怀柔
怀集站,怀集
恒地营站,恒地营
恩平站,恩平
恩施站,恩施
恭城站,恭城
息县站,息县
息烽站,息烽
悬钟站,悬钟
惠东站,惠东
惠农站,惠农
惠安站,惠安
惠山站,惠山
惠州南站,惠州南
惠州站,惠州
惠环站,惠环
慈利站,慈利
成吉思汗站,成吉思汗
成都东站,成都东
成都南站,成都南
成都站,成都
成都西站,成都西
成高子站,成高子
戚墅堰站,戚墅堰
扎兰屯站,扎兰屯
扎罗木得站,扎罗木得
扎赉诺尔站,扎赉诺尔
扎赉诺尔西站,扎赉诺尔西
扎音河站,扎音河
扎鲁特站,扎鲁特
打柴沟站,打柴沟
打羊站,打羊
托克托东站,托克托东
扬州站,扬州
扶余北站,扶余北
扶余站,扶余
扶沟南站,扶沟南
扶绥站,扶绥
承德东站,承德东
承德南站,承德南
承德县北站,承德县北
承德站,承德
抚宁站,抚宁
抚州东站,抚州东
抚州站,抚州
抚远站,抚远
抚顺北站,抚顺北
拉古站,拉古
拉哈站,拉哈
拉林站,拉林
拉萨站,拉萨
拉鲊站,拉鲊
招柏站,招柏
换新天站,换新天
揭阳南站,揭阳南
揭阳机场站,揭阳机场
揭阳站,揭阳
攀枝花站,攀枝花
攸县南站,攸县南
敖力布告站,敖力布告
敖头站,敖头
敖来站,敖来
敖汉站,敖汉
敦化站,敦化
敦煌站,敦煌
敬梓场站,敬梓场
文地站,文地
文昌站,文昌
文水站,文水
文登东站,文登东
文登站,文登
斗沟子站,斗沟子
新乡东站,新乡东
新乡站,新乡
新会站,新会
新余北站,新余北
新余站,新余
新凉站,新凉
新化南站,新化南
新化站,新化
新华屯站,新华屯
新华站,新华
新县站,新县
新友谊站,新友谊
新和站,新和
新固镇站,新固镇
新场站,新场
新坪田站,新坪田
新天站,新天
新安县站,新安县
新安庄站,新安庄
新安站,新安
新寒岭站,新寒岭
新干东站,新干东
新干站,新干
新平坝站,新平坝
新开站,新开
新彦站,新彦
新晃站,新晃
新晃西站,新晃西
新李站,新李
新杖子站,新杖子
新松浦站,新松浦
新林站,新林
新民北站,新民北
新民站,新民
新江站,新江
新沂站,新沂
新津南站,新津南
新津站,新津
新窝铺站,新窝铺
新立屯站,新立屯
新绛站,新绛
新绰源站,新绰源
新肇站,新肇
新贤城站,新贤城
新邱站,新邱
新郑机场站,新郑机场
新都东站,新都东
新阳镇站,新阳镇
新青站,新青
新香坊北站,新香坊北
新高峰站,新高峰
方城站,方城
方正站,方正
施家嘴站,施家嘴
施秉站,施秉
旌德站,旌德
旗下营南站,旗下营南
旗下营站,旗下营
无为南站,无为南
无为站,无为
无锡东站,无锡东
无锡新区站,无锡新区
无锡站,无锡
日喀则站,日喀则
日照站,日照
日照西站,日照西
旬阳北站,旬阳北
旬阳站,旬阳
昂乃站,昂乃
昂昂溪站,昂昂溪
昆山南站,昆山南
昆山站,昆山
昆明南站,昆明南
昆明站,昆明
昆玉站,昆玉
昆都仑召站,昆都仑召
昌乐站,昌乐
昌图站,昌图
昌图西站,昌图西
昌平北站,昌平北
昌平站,昌平
昌黎站,昌黎
明城站,明城
明安站,明安
明水河站,明水河
明港东站,明港东
明珠站,明珠
星朗站,星朗
春亭阁站,春亭阁
昭通北站,昭通北
昭通南站,昭通南
昭通站,昭通
晋中站,晋中
晋城北站,晋城北
晋城站,晋城
晋州站,晋州
晋江站,晋江
晏城站,晏城
晨明站,晨明
普兰店站,普兰店
普宁站,普宁
普安县站,普安县
普安站,普安
普定站,普定
普洱渡站,普洱渡
普湾站,普湾
普者黑站,普者黑
普雄站,普雄
景州站,景州
景德镇北站,景德镇北
景德镇站,景德镇
景泰站,景泰
暖泉站,暖泉
曲家店站,曲家店
曲水县站,曲水县
曲江站,曲江
曲阜东站,曲阜东
曲阜站,曲阜
曲靖北站,曲靖北
曲靖站,曲靖
曹县站,曹县
曹妃甸东站,曹妃甸东
曹妃甸港站,曹妃甸港
曹子里站,曹子里
曹家营子站,曹家营子
曾家坪子站,曾家坪子
月亮田站,月亮田
月华站,月华
月山站,月山
朔州站,朔州
朗乡站,朗乡
望江站,望江
朝中站,朝中
朝天南站,朝天南
朝天站,朝天
朝阳南站,朝阳南
朝阳地站,朝阳地
朝阳村站,朝阳村
朝阳湖站,朝阳湖
朝阳站,朝阳
朝阳镇站,朝阳镇
木头营子站,木头营子
木竹河站,木竹河
本溪新城站,本溪新城
本溪站,本溪
朱家沟站,朱家沟
朱家窑站,朱家窑
朱日和站,朱日和
朱杨溪站,朱杨溪
朱石寨站,朱石寨
朱砂古镇站,朱砂古镇
李子沟站,李子沟
李家坪站,李家坪
李家站,李家
李市镇站,李市镇
李旺站,李旺
李石寨站,李石寨
杏树屯站,杏树屯
杏树站,杏树
杜尔伯特站,杜尔伯特
杜拉尔站,杜拉尔
来凤站,来凤
来宾北站,来宾北
来宾站,来宾
杨家店站,杨家店
杨家营站,杨家营
杨岗站,杨岗
杨木站,杨木
杨村站,杨村
杨杖子站,杨杖子
杨林站,杨林
杨柳青站,杨柳青
杨树湾站,杨树湾
杨桥站,杨桥
杨陵南站,杨陵南
杨陵站,杨陵
杭州东站,杭州东
杭州站,杭州
杭锦旗站,杭锦旗
松原站,松原
松坝站,松坝
松山湖北站,松山湖北
松岭站,松岭
松树台站,松树台
松树林站,松树林
松树站,松树
松树镇站,松树镇
松桃站,松桃
松江南站,松江南
松江河站,松江河
松江站,松江
松江镇站,松江镇
松河站,松河
松滋站,松滋
松青站,松青
板城站,板城
板石河站,板石河
枕头峰站,枕头峰
林东站,林东
林口站,林口
林子头站,林子头
林海站,林海
林源站,林源
林盛堡站,林盛堡
林西站,林西
果松站,果松
枝江北站,枝江北
枣子林站,枣子林
枣庄东站,枣庄东
枣庄站,枣庄
枣庄西站,枣庄西
枣强站,枣强
枣林站,枣林
枣阳站,枣阳
枫林站,枫林
柏林站,柏林
柏果站,柏果
柞水站,柞水
查布嘎站,查布嘎
查干湖站,查干湖
查干特格站,查干特格
柯柯站,柯柯
柳园南站,柳园南
柳园站,柳园
柳家庄站,柳家庄
柳州站,柳州
柳林南站,柳林南
柳树屯站,柳树屯
柳树泉站,柳树泉
柳树站,柳树
柳毛沟站,柳毛沟
柳毛站,柳毛
柳沟站,柳沟
柳河站,柳河
柴沟堡站,柴沟堡
柴河站,柴河
栟茶站,栟茶
株洲站,株洲
株洲西站,株洲西
核桃园站,核桃园
根河站,根河
格尔木站,格尔木
桂平站,桂平
桂林北站,桂林北
桂林站,桂林
桂林西站,桂林西
桃园站,桃园
桃山站,桃山
桃村北站,桃村北
桃村站,桃村
桃源站,桃源
桐乡站,桐乡
桐城站,桐城
桐子林站,桐子林
桐庐站,桐庐
桐木寨站,桐木寨
桐柏站,桐柏
桐梓东站,桐梓东
桐梓北站,桐梓北
桐梓站,桐梓
桑根达来站,桑根达来
桑植站,桑植
桓龙湖站,桓龙湖
桥北站,桥北
桥头站,桥头
桥湾站,桥湾
桥西站,桥西
桦南站,桦南
桦林站,桦林
桦皮厂站,桦皮厂
梁山站,梁山
梁平南站,梁平南
梁平站,梁平
梁底下站,梁底下
梅州站,梅州
梅州西站,梅州西
梅河口站,梅河口
梅花山站,梅花山
梧州南站,梧州南
梧州站,梧州
梨树镇站,梨树镇
棋子湾站,棋子湾
棋盘站,棋盘
椑木镇站,椑木镇
楚山站,楚山
楚雄站,楚雄
楚鲁图站,楚鲁图
榆中站,榆中
榆林站,榆林
榆树屯站,榆树屯
榆树川站,榆树川
榆树沟站,榆树沟
榆树站,榆树
榆次站,榆次
榆社站,榆社
榕江站,榕江
槐荫站,槐荫
樟木头东站,樟木头东
樟木头站,樟木头
樟树东站,樟树东
樟树站,樟树
横峰站,横峰
横江站,横江
横沟桥东站,横沟桥东
横道河子东站,横道河子东
横道河子站,横道河子
欧里站,欧里
歙县北站,歙县北
歙县站,歙县
正定机场站,正定机场
正定站,正定
正镶白旗站,正镶白旗
步行街站,步行街
武义北站,武义北
武义站,武义
武乡站,武乡
武功站,武功
武夷山东站,武夷山东
武夷山北站,武夷山北
武夷山站,武夷山
武威南站,武威南
武威站,武威
武安站,武安
武山站,武山
武当山站,武当山
武当山西站,武当山西
武昌站,武昌
武汉站,武汉
武清站,武清
武穴站,武穴
武胜站,武胜
武陟站,武陟
武隆站,武隆
歪头山站,歪头山
毕节站,毕节
毛坝关站,毛坝关
毛坝站,毛坝
毛陈站,毛陈
民乐站,民乐
民族站,民族
民权北站,民权北
民权站,民权
民福寺站,民福寺
氡泉站,氡泉
水地站,水地
水家湖站,水家湖
水富站,水富
水泉站,水泉
水洋站,水洋
水洞站,水洞
水源站,水源
水花站,水花
永丰营站,永丰营
永乐店站,永乐店
永修站,永修
永和站,永和
永嘉站,永嘉
永城北站,永城北
永安乡站,永安乡
永安南站,永安南
永定站,永定
永寿站,永寿
永川东站,永川东
永川站,永川
永州站,永州
永康南站,永康南
永康站,永康
永泰站,永泰
永济北站,永济北
永济站,永济
永甸站,永甸
永登站,永登
永福南站,永福南
永胜站,永胜
永郎站,永郎
汇塘河站,汇塘河
汇流河站,汇流河
汉中站,汉中
汉口站,汉口
汉寿站,汉寿
汉川站,汉川
汉源站,汉源
汐子站,汐子
汕头站,汕头
汕尾站,汕尾
汝州站,汝州
汝箕沟站,汝箕沟
江华站,江华
江宁站,江宁
江宁西站,江宁西
江密峰站,江密峰
江山站,江山
江所田站,江所田
江桥站,江桥
江永站,江永
江油北站,江油北
江油站,江油
江津站,江津
江源站,江源
江都站,江都
江门东站,江门东
池州站,池州
汤原站,汤原
汤头沟站,汤头沟
汤山城站,汤山城
汤旺河站,汤旺河
汤池站,汤池
汤逊湖站,汤逊湖
汤阴站,汤阴
汨罗东站,汨罗东
汨罗站,汨罗
汾河站,汾河
汾阳站,汾阳
沁县站,沁县
沂南站,沂南
沂水站,沂水
沃皮站,沃皮
沈丘北站,沈丘北
沈丘站,沈丘
沈家河站,沈家河
沈家站,沈家
沈阳北站,沈阳北
沈阳南站,沈阳南
沈阳站,沈阳
沙园站,沙园
沙坡头站,沙坡头
沙坨子站,沙坨子
沙坪坝站,沙坪坝
沙城站,沙城
沙岭站,沙岭
沙沙坡站,沙沙坡
沙沱站,沙沱
沙河市站,沙河市
沙海站,沙海
沙湾县站,沙湾县
沙马拉达站,沙马拉达
沟口站,沟口
沟帮子站,沟帮子
沥林北站,沥林北
沧州站,沧州
沧州西站,沧州西
沭阳站,沭阳
河口北站,河口北
河口南站,河口南
河唇站,河唇
河洛营站,河洛营
河津站,河津
河源站,河源
河边站,河边
油溪站,油溪
治安站,治安
泉州站,泉州
泉阳站,泉阳
泊头站,泊头
泔溪站,泔溪
泗县站,泗县
泗水南站,泗水南
泗水站,泗水
泗阳站,泗阳
泡子站,泡子
泥溪站,泥溪
泰和站,泰和
泰宁站,泰宁
泰安站,泰安
泰山站,泰山
泰州站,泰州
泰来站,泰来
泽普站,泽普
泾县站,泾县
泾川站,泾川
洋县西站,洋县西
洋河站,洋河
洛湾三江站,洛湾三江
洛碛站,洛碛
洛门站,洛门
洛阳东站,洛阳东
洛阳站,洛阳
洛阳龙门站,洛阳龙门
洞口站,洞口
洞庙河站,洞庙河
洪河站,洪河
洪洞站,洪洞
洪洞西站,洪洞西
洮南站,洮南
流水沟站,流水沟
济南东站,济南东
济南站,济南
济南西站,济南西
济宁站,济宁
济源站,济源
浠水站,浠水
浩良河站,浩良河
浮图峪站,浮图峪
海伦站,海伦
海北站,海北
海口东站,海口东
海口站,海口
海城站,海城
海城西站,海城西
海宁站,海宁
海宁西站,海宁西
海安站,海安
海拉尔站,海拉尔
海晏站,海晏
海林北站,海林北
海林站,海林
海石湾站,海石湾
海门站,海门
海阳北站,海阳北
涉县站,涉县
涞源站,涞源
涟水站,涟水
涟源站,涟源
涡阳站,涡阳
涪陵北站,涪陵北
涪陵站,涪陵
涵江站,涵江
涿州东站,涿州东
涿州站,涿州
淄博北站,淄博北
淄博站,淄博
淮北北站,淮北北
淮北站,淮北
淮南东站,淮南东
淮南南站,淮南南
淮南站,淮南
淮安东站,淮安东
淮安站,淮安
淮滨站,淮滨
淮阳南站,淮阳南
深井子站,深井子
深圳东站,深圳东
深圳北站,深圳北
深圳坪山站,深圳坪山
深圳站,深圳
深圳西站,深圳西
深州站,深州
清原站,清原
清徐站,清徐
清水北站,清水北
清水县站,清水县
清水站,清水
清河城站,清河城
清河站,清河
清河门北站,清河门北
清涧县站,清涧县
清远站,清远
清镇西站,清镇西
渑池南站,渑池南
渑池站,渑池
渠县站,渠县
渠旧站,渠旧
渡市站,渡市
温岭站,温岭
温州南站,温州南
温州站,温州
温春站,温春
温根托海站,温根托海
温江站,温江
温泉寺站,温泉寺
渭南北站,渭南北
渭南站,渭南
渭南西站,渭南西
渭南镇站,渭南镇
渭源站,渭源
湖口站,湖口
湖州站,湖州
湘乡站,湘乡
湘潭北站,湘潭北
湘潭站,湘潭
湛江站,湛江
湛江西站,湛江西
湟源站,湟源
湾沟站,湾沟
溆浦南站,溆浦南
溆浦站,溆浦
源潭站,源潭
源迁站,源迁
溧水站,溧水
溧阳站,溧阳
滁州北站,滁州北
滁州站,滁州
滕州东站,滕州东
滕州站,滕州
满归站,满归
满洲里站,满洲里
滥坝站,滥坝
滦县站,滦县
滦平站,滦平
滦河沿站,滦河沿
滦河站,滦河
滨州站,滨州
滨海北站,滨海北
滨海港站,滨海港
滨海站,滨海
滨海西站,滨海西
滩头站,滩头
滴道站,滴道
漠河站,漠河
漫流河站,漫流河
漯河站,漯河
漯河西站,漯河西
漳县站,漳县
漳州站,漳州
漳平西站,漳平西
漳浦站,漳浦
潍坊北站,潍坊北
潍坊站,潍坊
潘家店站,潘家店
潜江站,潜江
潞城站,潞城
潢川站,潢川
潮州站,潮州
潮汕站,潮汕
潮阳站,潮阳
潼关站,潼关
潼南站,潼南
澧县站,澧县
濑湍站,濑湍
濮阳站,濮阳
灌云站,灌云
灌南站,灌南
灌水站,灌水
火炬沟站,火炬沟
灯塔站,灯塔
灵丘站,灵丘
灵宝站,灵宝
灵宝西站,灵宝西
灵武站,灵武
灵璧站,灵璧
灵石东站,灵石东
灵石站,灵石
炎陵站,炎陵
烟台南站,烟台南
烟台站,烟台
烟筒屯站,烟筒屯
烟筒山站,烟筒山
热水站,热水
焉耆站,焉耆
焦作站,焦作
煤田站,煤田
照福铺站,照福铺
熊岳城站,熊岳城
燕子砭站,燕子砭
燕家庄站,燕家庄
燕山站,燕山
燕岗站,燕岗
燕郊站,燕郊
牙克石站,牙克石
牙屯堡站,牙屯堡
牛家站,牛家
牛家营子站,牛家营子
牛庄站,牛庄
牛河梁站,牛河梁
牛车河站,牛车河
牟平站,牟平
牡丹江站,牡丹江
牧原站,牧原
犀浦站,犀浦
犍为站,犍为
独山站,独山
狮山北站,狮山北
狮山站,狮山
狼尾山站,狼尾山
猛洞河站,猛洞河
猴山站,猴山
玉屏站,玉屏
玉山南站,玉山南
玉山站,玉山
玉林站,玉林
玉泉站,玉泉
玉溪站,玉溪
玉田县站,玉田县
玉石站,玉石
玉舍站,玉舍
玉门站,玉门
王团庄站,王团庄
王场站,王场
王安镇站,王安镇
王家营西站,王家营西
王岗站,王岗
王府站,王府
玛纳斯站,玛纳斯
珞璜南站,珞璜南
珠斯花站,珠斯花
珠海北站,珠海北
珠海站,珠海
珠琳站,珠琳
班猫箐站,班猫箐
珲春站,珲春
琼海站,琼海
瑞安站,瑞安
瑞昌站,瑞昌
瑞昌西站,瑞昌西
瑞金站,瑞金
璧山站,璧山
瓜州站,瓜州
瓦屋山站,瓦屋山
瓦房店站,瓦房店
瓦房店西站,瓦房店西
瓦房站,瓦房
瓦拉干站,瓦拉干
瓦祖站,瓦祖
瓦窑坝站,瓦窑坝
瓦窑田站,瓦窑田
甘旗卡站,甘旗卡
甘河站,甘河
甘泉北站,甘泉北
甘洛站,甘洛
甘草店站,甘草店
甘谷站,甘谷
田东北站,田东北
田家沟站,田家沟
田林站,田林
田梁子站,田梁子
田阳站,田阳
甲山站,甲山
甲猫站,甲猫
申家店站,申家店
电白站,电白
界山站,界山
界首南站,界首南
界首市站,界首市
略阳站,略阳
畲江北站,畲江北
疏勒河站,疏勒河
登沙河站,登沙河
白云北站,白云北
白云鄂博站,白云鄂博
白城站,白城
白壁关站,白壁关
白奎堡站,白奎堡
白山市站,白山市
白彦花站,白彦花
白文东站,白文东
白旗站,白旗
白桦排站,白桦排
白水江站,白水江
白水镇站,白水镇
白沙坡站,白沙坡
白沙沱站,白沙沱
白沙站,白沙
白沙铺站,白沙铺
白沟站,白沟
白河东站,白河东
白河县站,白河县
白河站,白河
白洋淀站,白洋淀
白涛站,白涛
白涧站,白涧
白狼站,白狼
白石山站,白石山
白芨沟站,白芨沟
白银哈尔站,白银哈尔
白银市站,白银市
白银西站,白银西
白音他拉站,白音他拉
白音华南站,白音华南
白音察干站,白音察干
白音胡硕站,白音胡硕
白马井站,白马井
白马站,白马
白鸡坡站,白鸡坡
百宜站,百宜
百色站,百色
百里峡站,百里峡
皋兰站,皋兰
皮口站,皮口
皮山站,皮山
益阳站,益阳
盐城站,盐城
盐池站,盐池
盐津北站,盐津北
盐津站,盐津
盖州站,盖州
盖州西站,盖州西
盘关站,盘关
盘古站,盘古
盘州站,盘州
盘锦北站,盘锦北
盘锦站,盘锦
眉山东站,眉山东
眉山站,眉山
睢宁站,睢宁
石人城站,石人城
石人站,石人
石嘴山站,石嘴山
石场站,石场
石坝站,石坝
石城站,石城
石头站,石头
石家庄东站,石家庄东
石家庄北站,石家庄北
石家庄站,石家庄
石林南站,石林南
石林站,石林
石林西站,石林西
石柱县站,石柱县
石桥子站,石桥子
石梯站,石梯
石河子站,石河子
石泉县站,石泉县
石湖站,石湖
石磷站,石磷
石脑站,石脑
石门县北站,石门县北
石门坎站,石门坎
石门子站,石门子
石门村站,石门村
砀山南站,砀山南
砀山站,砀山
砚川站,砚川
砬子河站,砬子河
确山站,确山
碧州站,碧州
碧江站,碧江
碱柜站,碱柜
碾子山站,碾子山
磁山站,磁山
磁窑站,磁窑
磐安镇站,磐安镇
磐石站,磐石
磨刀石站,磨刀石
礼泉站,礼泉
祁东站,祁东
祁县东站,祁县东
祁县站,祁县
祁家堡站,祁家堡
祁门站,祁门
祁阳站,祁阳
神头站,神头
神州站,神州
神木站,神木
神树站,神树
神池站,神池
祥云站,祥云
禄丰南站,禄丰南
福利屯站,福利屯
福安站,福安
福山口站,福山口
福山镇站,福山镇
福州南站,福州南
福州站,福州
福泉站,福泉
福海站,福海
福清站,福清
福生庄站,福生庄
福田站,福田
福鼎站,福鼎
禹城东站,禹城东
禹城站,禹城
禹州站,禹州
离堆公园站,离堆公园
秀山站,秀山
秦安站,秦安
秦家庄站,秦家庄
秦家站,秦家
秦岭站,秦岭
秦皇岛站,秦皇岛
秧草地站,秧草地
程家站,程家
稷山站,稷山
穆棱站,穆棱
窑上站,窑上
立志站,立志
章丘北站,章丘北
章党站,章党
端州站,端州
笔架山站,笔架山
简阳南站,简阳南
米易站,米易
米沙子站,米沙子
米脂站,米脂
精河南站,精河南
索伦站,索伦
紫荆关站,紫荆关
紫阳站,紫阳
綦江东站,綦江东
綦江站,綦江
繁峙站,繁峙
繁昌西站,繁昌西
红光镇站,红光镇
红兴隆站,红兴隆
红安西站,红安西
红寺堡站,红寺堡
红山站,红山
红岘台站,红岘台
红峰站,红峰
红彦站,红彦
红旗营站,红旗营
红星站,红星
红果站,红果
红江站,红江
红砂坝站,红砂坝
红砂岘站,红砂岘
红花园站,红花园
红花沟站,红花沟
纪家沟站,纪家沟
纳雍站,纳雍
纸坊东站,纸坊东
绅坊站,绅坊
织金站,织金
绍兴东站,绍兴东
绍兴北站,绍兴北
绍兴站,绍兴
经棚站,经棚
绕阳河站,绕阳河
统军庄站,统军庄
绣峰站,绣峰
绥中北站,绥中北
绥中站,绥中
绥化站,绥化
绥德站,绥德
绥棱站,绥棱
绥芬河站,绥芬河
绥阳站,绥阳
绩溪北站,绩溪北
绩溪县站,绩溪县
绵阳站,绵阳
绿化站,绿化
绿博园站,绿博园
绿潭站,绿潭
缙云站,缙云
缙云西站,缙云西
罕达盖站,罕达盖
罗城站,罗城
罗山站,罗山
罗平站,罗平
罗江东站,罗江东
罗源站,罗源
羊圈子站,羊圈子
羊坪站,羊坪
羊尾哨站,羊尾哨
羊者窝站,羊者窝
羊草站,羊草
羊马站,羊马
美兰站,美兰
美岱召站,美岱召
美溪站,美溪
翠岗站,翠岗
翠峰站,翠峰
老城镇站,老城镇
老岭站,老岭
老府站,老府
老爷岭站,老爷岭
老羊壕站,老羊壕
老莱站,老莱
老营站,老营
老边站,老边
耒阳站,耒阳
耒阳西站,耒阳西
聂河站,聂河
聊城站,聊城
联合乡站,联合乡
肃宁站,肃宁
肇东站,肇东
肇庆东站,肇庆东
肇庆站,肇庆
背荫河站,背荫河
胜利镇站,胜利镇
胜芳站,胜芳
胶州北站,胶州北
胶州站,胶州
腰栈站,腰栈
自贡站,自贡
舍伯吐站,舍伯吐
舍力虎站,舍力虎
舒兰站,舒兰
舒城站,舒城
良各庄站,良各庄
艾不盖站,艾不盖
艾家村站,艾家村
艾河站,艾河
芜湖站,芜湖
芦台站,芦台
芦家庄站,芦家庄
芦家村站,芦家村
芦庙站,芦庙
芦沟站,芦沟
芨岭站,芨岭
花园口站,花园口
花园站,花园
花土坡站,花土坡
花家庄站,花家庄
花山南站,花山南
花桥站,花桥
花棚子站,花棚子
花楼坝站,花楼坝
花湖站,花湖
芷江站,芷江
苇河站,苇河
苇河西站,苇河西
苍南站,苍南
苍坪站,苍坪
苍溪站,苍溪
苍石站,苍石
苏家屯站,苏家屯
苏尼特左旗站,苏尼特左旗
苏州北站,苏州北
苏州园区站,苏州园区
苏州新区站,苏州新区
苏州站,苏州
苏集站,苏集
苔青站,苔青
英吉沙站,英吉沙
英德站,英德
英德西站,英德西
茂名站,茂名
茂名西站,茂名西
茂林站,茂林
茂舍祖站,茂舍祖
范家屯站,范家屯
范镇站,范镇
茄子溪站,茄子溪
茅草坪站,茅草坪
茨冲站,茨冲
茨坝站,茨坝
茶条沟站,茶条沟
茶陵南站,茶陵南
荆州站,荆州
荆门站,荆门
草市站,草市
草河口站,草河口
草海站,草海
荒沟西站,荒沟西
荣成站,荣成
荣昌北站,荣昌北
荣昌站,荣昌
莆田站,莆田
莎车站,莎车
莒南北站,莒南北
莒南站,莒南
莒县站,莒县
莫尔道嘎站,莫尔道嘎
莱芜东站,莱芜东
莱西站,莱西
莱阳站,莱阳
莲江口站,莲江口
莲花山站,莲花山
获嘉站,获嘉
菇园站,菇园
菏泽站,菏泽
萍乡北站,萍乡北
萍乡站,萍乡
营北站,营北
营口东站,营口东
营口站,营口
营山站,营山
营盘水站,营盘水
营盘湾站,营盘湾
营街站,营街
萧县北站,萧县北
萧县站,萧县
萨拉齐站,萨拉齐
葛店南站,葛店南
葛根庙站,葛根庙
董家口站,董家口
葫芦岛北站,葫芦岛北
葫芦岛站,葫芦岛
葵潭站,葵潭
蒙山站,蒙山
蒙渡站,蒙渡
蒙自站,蒙自
蒲坝站,蒲坝
蒲城东站,蒲城东
蒲城站,蒲城
蒲江站,蒲江
蓝村站,蓝村
蓟州北站,蓟州北
蓟州站,蓟州
蓬安站,蓬安
蓬溪站,蓬溪
蓬莱市站,蓬莱市
蔡家坡站,蔡家坡
蔡家崖站,蔡家崖
蔡家沟站,蔡家沟
蔺家楼站,蔺家楼
蕉溪站,蕉溪
蕲春站,蕲春
藁城南站,藁城南
藁城站,藁城
藤县站,藤县
虎什哈站,虎什哈
虎尔虎拉站,虎尔虎拉
虎山站,虎山
虎林站,虎林
虎门站,虎门
虞城县站,虞城县
虢镇站,虢镇
蚌埠南站,蚌埠南
蚌埠站,蚌埠
蛟河站,蛟河
蛟河西站,蛟河西
融安站,融安
融水站,融水
衡山站,衡山
衡山西站,衡山西
衡水北站,衡水北
衡水站,衡水
衡阳东站,衡阳东
衡阳站,衡阳
衢州站,衢州
裕国站,裕国
裴德站,裴德
褚家湾站,褚家湾
襄垣站,襄垣
襄州站,襄州
襄汾站,襄汾
襄汾西站,襄汾西
襄河站,襄河
襄阳东站,襄阳东
襄阳站,襄阳
西丰站,西丰
西乌旗站,西乌旗
西乡站,西乡
西六方站,西六方
西华站,西华
西哲里木站,西哲里木
西固城站,西固城
西固站,西固
西大庙站,西大庙
西宁站,西宁
西安北站,西安北
西安南站,西安南
西安站,西安
西小召站,西小召
西岗子站,西岗子
西岭口站,西岭口
西峡站,西峡
西平站,西平
西平西站,西平西
西斗铺站,西斗铺
西昌南站,西昌南
西昌站,西昌
西来站,西来
西林站,西林
西柳站,西柳
西武匠站,西武匠
西渡站,西渡
西湖东站,西湖东
西街口站,西街口
西贺村站,西贺村
西里站,西里
西阳岔站,西阳岔
西阳村站,西阳村
西麻山站,西麻山
观音机场站,观音机场
角美站,角美
讷尔克气站,讷尔克气
讷河站,讷河
许三湾站,许三湾
许家台站,许家台
许家屯站,许家屯
许昌东站,许昌东
许昌北站,许昌北
许昌站,许昌
诏安站,诏安
诸城站,诸城
诸暨站,诸暨
谭家井站,谭家井
谷城北站,谷城北
谷城站,谷城
豆庄站,豆庄
豆沙关站,豆沙关
豆罗站,豆罗
贲红站,贲红
贵定北站,贵定北
贵定县站,贵定县
贵定站,贵定
贵港站,贵港
贵溪站,贵溪
贵阳东站,贵阳东
贵阳北站,贵阳北
贵阳站,贵阳
费县北站,费县北
费县站,费县
贺家店站,贺家店
贺州站,贺州
贺胜桥东站,贺胜桥东
资中北站,资中北
资溪站,资溪
资阳北站,资阳北
资阳站,资阳
赛乌苏站,赛乌苏
赛汗塔拉站,赛汗塔拉
赣县北站,赣县北
赣州站,赣州
赣州西站,赣州西
赣榆站,赣榆
赤壁北站,赤壁北
赤壁站,赤壁
赤峰东站,赤峰东
赤峰南站,赤峰南
赤峰站,赤峰
赫尔洪得站,赫尔洪得
赵光站,赵光
赵城站,赵城
赵庄站,赵庄
赶水东站,赶水东
赶水站,赶水
超梁沟站,超梁沟
越西站,越西
路口铺站,路口铺
车转湾站,车转湾
轩岗站,轩岗
轮台站,轮台
辉河站,辉河
辛集南站,辛集南
辛集站,辛集
辰清站,辰清
辰溪站,辰溪
边沟站,边沟
辽中站,辽中
辽源站,辽源
辽阳站,辽阳
达坂城站,达坂城
达家沟站,达家沟
达州站,达州
达布逊站,达布逊
达拉滨站,达拉滨
达拉特西站,达拉特西
达连河站,达连河
迁安站,迁安
迎宾路站,迎宾路
迎春站,迎春
迎祥街站,迎祥街
运城北站,运城北
运城站,运城
进贤南站,进贤南
进贤站,进贤
连云港东站,连云港东
连云港站,连云港
连山关站,连山关
连江站,连江
连湖站,连湖
连珠山站,连珠山
迤资站,迤资
迤那站,迤那
通化县站,通化县
通化站,通化
通北站,通北
通天屯站,通天屯
通安驿站,通安驿
通州站,通州
通州西站,通州西
通榆站,通榆
通海站,通海
通渭站,通渭
通辽站,通辽
通远堡站,通远堡
通远堡西站,通远堡西
通道站,通道
遂宁站,遂宁
遂平站,遂平
遂溪站,遂溪
道劳杜站,道劳杜
道州站,道州
道清站,道清
道滘站,道滘
遵义南站,遵义南
遵义站,遵义
遵义西站,遵义西
邓家湾站,邓家湾
邓州东站,邓州东
邓州站,邓州
邛崃站,邛崃
邢台东站,邢台东
邢台站,邢台
那曲站,那曲
邯郸东站,邯郸东
邯郸站,邯郸
邳州站,邳州
邵东站,邵东
邵家堂站,邵家堂
邵武站,邵武
邵阳北站,邵阳北
邵阳站,邵阳
邵阳西站,邵阳西
邹城站,邹城
邹平站,邹平
郁南站,郁南
郁山站,郁山
郏县站,郏县
郑州东站,郑州东
郑州站,郑州
郑州西站,郑州西
郓城站,郓城
郫县站,郫县
郫县西站,郫县西
郭家屯站,郭家屯
郭家店站,郭家店
郭尔奔敖包站,郭尔奔敖包
郯城站,郯城
郴州站,郴州
郴州西站,郴州西
都匀东站,都匀东
都匀站,都匀
都昌站,都昌
都格站,都格
都江堰站,都江堰
鄂尔多斯站,鄂尔多斯
鄂州东站,鄂州东
鄂州站,鄂州
鄄城站,鄄城
鄠邑站,鄠邑
鄢陵站,鄢陵
鄯善北站,鄯善北
鄯善站,鄯善
鄱阳站,鄱阳
酉阳站,酉阳
酒泉南站,酒泉南
酒泉站,酒泉
醴陵东站,醴陵东
醴陵站,醴陵
里木店站,里木店
重庆北站,重庆北
重庆南站,重庆南
重庆站,""
重庆西站,重庆西
野三坡站,野三坡
金刚沱站,金刚沱
金华南站,金华南
金华站,金华
金城江站,金城江
金宝屯站,金宝屯
金寨站,金寨
金山北站,金山北
金山屯站,金山屯
金州站,金州
金昌站,金昌
金月湾站,金月湾
金杖子站,金杖子
金林站,金林
金沟屯站,金沟屯
金河站,金河
金钟站,金钟
金银川站,金银川
金银潭站,金银潭
钟家村站,钟家村
钟山西站,钟山西
钟祥站,钟祥
钦州东站,钦州东
钱家店站,钱家店
铁佛寺站,铁佛寺
铁刹山站,铁刹山
铁力站,铁力
铁厂沟站,铁厂沟
铁厂站,铁厂
铁口站,铁口
铁岭站,铁岭
铁岭西站,铁岭西
铜仁南站,铜仁南
铜仁站,铜仁
铜罐驿站,铜罐驿
铜陵北站,铜陵北
铜陵站,铜陵
铜鼓溪站,铜鼓溪
银川站,银川
银浪站,银浪
银滩站,银滩
银瓶站,银瓶
银镇站,银镇
锡林呼都嘎站,锡林呼都嘎
锡林浩特站,锡林浩特
锡铁山站,锡铁山
锦州南站,锦州南
锦州站,锦州
锦界站,锦界
镇城底站,镇城底
镇安站,镇安
镇平站,镇平
镇江南站,镇江南
镇江站,镇江
镇紫街站,镇紫街
镇西站,镇西
镇赉站,镇赉
镇远站,镇远
镇雄站,镇雄
镜铁山站,镜铁山
长临河站,长临河
长兴南站,长兴南
长兴站,长兴
长农站,长农
长发屯站,长发屯
长坡岭站,长坡岭
长垣站,长垣
长城站,长城
长子站,长子
长宁站,长宁
长寿北站,长寿北
长寿湖站,长寿湖
长寿站,长寿
长山屯站,长山屯
长庆桥站,长庆桥
长征站,长征
长春站,长春
长春西站,长春西
长武站,长武
长汀南站,长汀南
长汀镇站,长汀镇
长沙南站,长沙南
长沙站,长沙
长河碥站,长河碥
长治北站,长治北
长治站,长治
长潭沟站,长潭沟
长甸站,长甸
长葛北站,长葛北
长葛站,长葛
长虹站,长虹
门源站,门源
门达站,门达
闵集站,闵集
闹海营站,闹海营
闻喜站,闻喜
闻喜西站,闻喜西
闽清北站,闽清北
阆中站,阆中
阎良站,阎良
阜南站,阜南
阜宁东站,阜宁东
阜宁南站,阜宁南
阜宁站,阜宁
阜新南站,阜新南
阜新站,阜新
阜阳站,阜阳
阜阳西站,阜阳西
防城港北站,防城港北
阳东站,阳东
阳信站,阳信
阳岔站,阳岔
阳平关站,阳平关
阳新站,阳新
阳明堡站,阳明堡
阳春站,阳春
阳曲站,阳曲
阳曲西站,阳曲西
阳朔站,阳朔
阳江站,阳江
阳泉北站,阳泉北
阳泉曲站,阳泉曲
阳泉站,阳泉
阳澄湖站,阳澄湖
阳西站,阳西
阳谷站,阳谷
阳邑站,阳邑
阳高南站,阳高南
阳高站,阳高
阿乌尼站,阿乌尼
阿克苏站,阿克苏
阿克陶站,阿克陶
阿勒泰站,阿勒泰
阿图什站,阿图什
阿城北站,阿城北
阿城站,阿城
阿尔山北站,阿尔山北
阿尔山站,阿尔山
阿巴嘎旗站,阿巴嘎旗
阿房宫站,阿房宫
阿拉山口站,阿拉山口
阿木尔站,阿木尔
阿贵图站,阿贵图
阿里河站,阿里河
阿金站,阿金
阿龙山站,阿龙山
陆丰站,陆丰
陆川站,陆川
陆良站,陆良
陇南站,陇南
陇县站,陇县
陇西站,陇西
陈官营站,陈官营
陈相屯站,陈相屯
陵城站,陵城
陵水站,陵水
陶家屯站,陶家屯
陶思浩站,陶思浩
陶赖昭站,陶赖昭
隆化站,隆化
隆回站,隆回
隆安东站,隆安东
隆昌北站,隆昌北
隆昌站,隆昌
随县站,随县
随州南站,随州南
随州站,随州
雁栖湖站,雁栖湖
雁石南站,雁石南
雁荡山站,雁荡山
雅安站,雅安
雅河站,雅河
雅鲁站,雅鲁
集宁南站,集宁南
集安站,集安
雨格站,雨格
零陵站,零陵
雷州站,雷州
霍城站,霍城
霍尔果斯站,霍尔果斯
霍州东站,霍州东
霍州站,霍州
霍林郭勒站,霍林郭勒
霍邱站,霍邱
霞浦站,霞浦
露水河站,露水河
霸州站,霸州
霸州西站,霸州西
青县站,青县
青城山站,青城山
青堆站,青堆
青山站,青山
青岛北站,青岛北
青岛站,青岛
青岛西站,青岛西
青川站,青川
青州市北站,青州市北
青州市站,青州市
青水山站,青水山
青沟子站,青沟子
青溪站,青溪
青田站,青田
青白江东站,青白江东
青神站,青神
青莲站,青莲
青铜峡站,青铜峡
青龙站,青龙
靖州站,靖州
靖西站,靖西
靖边站,靖边
靖远站,靖远
靖远西站,靖远西
静海站,静海
革居站,革居
鞍山站,鞍山
鞍山西站,鞍山西
韦庄站,韦庄
韩城站,韩城
韩府湾站,韩府湾
韩麻营站,韩麻营
韶关东站,韶关东
韶关站,韶关
韶山南站,韶山南
项城站,项城
顺义站,顺义
顺德学院站,顺德学院
顺德站,顺德
顺昌站,顺昌
颍上北站,颍上北
颍上站,颍上
额敏站,额敏
额济纳站,额济纳
风水沟站,风水沟
风陵渡站,风陵渡
饮马峡站,饮马峡
饶平站,饶平
饶阳站,饶阳
香兰站,香兰
香坊站,香坊
香港红磡站,香港红磡
香港西九龙站,香港西九龙
马三家站,马三家
马兰站,马兰
马林站,马林
马海站,马海
马盖图站,马盖图
马莲河站,马莲河
马踏站,马踏
马鞍山东站,马鞍山东
马鞍山站,马鞍山
马龙站,马龙
驻马店站,驻马店
驻马店西站,驻马店西
驼腰岭站,驼腰岭
高台南站,高台南
高台子站,高台子
高台站,高台
高各庄站,高各庄
高头站,高头
高安站,高安
高家村站,高家村
高密北站,高密北
高密站,高密
高山子站,高山子
高峰站,高峰
高州站,高州
高平站,高平
高村站,高村
高林屯站,高林屯
高桥镇站,高桥镇
高楞站,高楞
高滩站,高滩
高碑店东站,高碑店东
高碑店站,高碑店
高谷站,高谷
高邑站,高邑
高邑西站,高邑西
魏杖子站,魏杖子
鱼儿沟站,鱼儿沟
鱼卡站,鱼卡
鱼泉站,鱼泉
鲁山站,鲁山
鲁河站,鲁河
鲁番站,鲁番
鲅鱼圈站,鲅鱼圈
鲘门站,鲘门
鸟岛站,鸟岛
鸡东站,鸡东
鸡西站,鸡西
鸭园站,鸭园
鸳鸯镇站,鸳鸯镇
鸽子洞站,鸽子洞
鹤北站,鹤北
鹤壁东站,鹤壁东
鹤壁站,鹤壁
鹤山站,鹤山
鹤岗站,鹤岗
鹤庆站,鹤庆
鹤立站,鹤立
鹰手营子站,鹰手营子
鹰潭北站,鹰潭北
鹰潭站,鹰潭
鹿寨北站,鹿寨北
鹿寨站,鹿寨
麻城北站,麻城北
麻城站,麻城
麻尾站,麻尾
麻山站,麻山
麻柳站,麻柳
麻阳站,麻阳
黄冈东站,黄冈东
黄冈站,黄冈
黄冈西站,黄冈西
黄口站,黄口
黄家店站,黄家店
黄山北站,黄山北
黄山站,黄山
黄州站,黄州
黄平站,黄平
黄村站,黄村
黄松甸站,黄松甸
黄柏站,黄柏
黄梅站,黄梅
黄河景区站,黄河景区
黄泥崴子站,黄泥崴子
黄泥河站,黄泥河
黄流站,黄流
黄瓜园站,黄瓜园
黄石北站,黄石北
黄石站,黄石
黄磏站,黄磏
黄羊湾站,黄羊湾
黄羊滩站,黄羊滩
黄羊镇站,黄羊镇
黄花筒站,黄花筒
黄陵南站,黄陵南
黄陵站,黄陵
黎城站,黎城
黎塘站,黎塘
黑冲滩站,黑冲滩
黑台站,黑台
黑山北站,黑山北
黑山寺站,黑山寺
黑旺站,黑旺
黑水站,黑水
黑河站,黑河
黔江站,黔江
黔西站,黔西
鼎湖东站,鼎湖东
鼎湖山站,鼎湖山
齐哈日格图站,齐哈日格图
齐河站,齐河
齐齐哈尔南站,齐齐哈尔南
齐齐哈尔站,齐齐哈尔
龙丰站,龙丰
龙井站,龙井
龙南站,龙南
龙口市站,龙口市
龙嘉站,龙嘉
龙山北站,龙山北
龙山镇站,龙山镇
龙岩站,龙岩
龙川站,龙川
龙市站,龙市
龙桥站,龙桥
龙江站,龙江
龙池站,龙池
龙沟站,龙沟
龙泉寺站,龙泉寺
龙洞堡站,龙洞堡
龙游站,龙游
龙爪沟站,龙爪沟
龙里北站,龙里北
龙镇站,龙镇
