上海南站,上海南
上海站,
上海虹桥站,上海虹桥
上海西站,上海西
上海南站,上海南
上海站,
上海虹桥站,上海虹桥
上海西站,上海西
上海南站,上海南
上海站,
上海虹桥站,上海虹桥
上海西站,上海西
上海南站,上海南
上海站,
上海虹桥站,上海虹桥
上海西站,上海西
上海南站,上海南
上海站,
上海虹桥站,上海虹桥
上海西站,上海西
上海南站,上海南
上海站,
上海虹桥站,上海虹桥
上海西站,上海西
上海南站,上海南
上海站,
上海虹桥站,上海虹桥
上海西站,上海西
上海南站,上海南
上海站,
上海虹桥站,上海虹桥
上海西站,上海西
上海南站,上海南
上海站,
上海虹桥站,上海虹桥
上海西站,上海西
上海南站,上海南
上海站,
上海虹桥站,上海虹桥
上海西站,上海西
乌鲁木齐南站,乌鲁木齐南
乌鲁木齐站,乌鲁木齐
兰州东站,兰州东
兰州新区站,兰州新区
兰州站,兰州
兰州西站,兰州西
北京东站,北京东
北京北站,北京北
北京南站,北京南
北京站,
北京西站,北京西
北京东站,北京东
北京北站,北京北
北京南站,北京南
北京站,
北京西站,北京西
北京东站,北京东
北京北站,北京北
北京南站,北京南
北京站,
北京西站,北京西
北京东站,北京东
北京北站,北京北
北京南站,北京南
北京站,
北京西站,北京西
北京东站,北京东
北京北站,北京北
北京南站,北京南
北京站,
北京西站,北京西
北京东站,北京东
北京北站,北京北
北京南站,北京南
北京站,
北京西站,北京西
北京东站,北京东
北京北站,北京北
北京南站,北京南
北京站,
北京西站,北京西
北京东站,北京东
北京北站,北京北
北京南站,北京南
北京站,
北京西站,北京西
南京南站,南京南
南京站,南京
南京南站,南京南
南京站,南京
南京南站,南京南
南京站,南京
南京南站,南京南
南京站,南京
南京南站,南京南
南京站,南京
南京南站,南京南
南京站,南京
南京南站,南京南
南京站,南京
南京南站,南京南
南京站,南京
南京南站,南京南
南京站,南京
南昌站,南昌
南昌西站,南昌西
南昌站,南昌
南昌西站,南昌西
南昌站,南昌
南昌西站,南昌西
南昌站,南昌
南昌西站,南昌西
南昌站,南昌
南昌西站,南昌西
厦门北站,厦门北
厦门站,厦门
厦门北站,厦门北
厦门站,厦门
厦门北站,厦门北
厦门站,厦门
厦门北站,厦门北
厦门站,厦门
合肥北城站,合肥北城
合肥南站,合肥南
合肥站,合肥
合肥北城站,合肥北城
合肥南站,合肥南
合肥站,合肥
合肥北城站,合肥北城
合肥南站,合肥南
合肥站,合肥
合肥北城站,合肥北城
合肥南站,合肥南
合肥站,合肥
嘉兴南站,嘉兴南
嘉兴站,嘉兴
嘉兴南站,嘉兴南
嘉兴站,嘉兴
嘉兴南站,嘉兴南
嘉兴站,嘉兴
大连北站,大连北
大连站,大连
大连北站,大连北
大连站,大连
大连北站,大连北
大连站,大连
太原东站,太原东
太原南站,太原南
太原站,太原
广州东站,广州东
广州北站,广州北
广州南站,广州南
广州站,广州
广州东站,广州东
广州北站,广州北
广州南站,广州南
广州站,广州
广州东站,广州东
广州北站,广州北
广州南站,广州南
广州站,广州
广州东站,广州东
广州北站,广州北
广州南站,广州南
广州站,广州
广州东站,广州东
广州北站,广州北
广州南站,广州南
广州站,广州
武昌站,武昌
武汉站,武汉
武昌站,武昌
武汉站,武汉
武昌站,武昌
武汉站,武汉
武昌站,武昌
武汉站,武汉
济南东站,济南东
济南站,济南
济南西站,济南西
济南东站,济南东
济南站,济南
济南西站,济南西
深圳东站,深圳东
深圳东站,深圳东
深圳东站,深圳东
深圳北站,深圳北
深圳北站,深圳北
深圳北站,深圳北
深圳北站,深圳北
深圳北站,深圳北
深圳北站,深圳北
深圳北站,深圳北
深圳北站,深圳北
深圳北站,深圳北
深圳坪山站,深圳坪山
深圳站,深圳
深圳西站,深圳西
深州站,深州
深州站,深州
深州站,深州
深州站,深州
深州站,深州
珠海北站,珠海北
珠海站,珠海
石家庄东站,石家庄东
石家庄北站,石家庄北
石家庄站,石家庄
福州南站,福州南
福州站,福州
苏州北站,苏州北
苏州园区站,苏州园区
苏州新区站,苏州新区
苏州站,苏州
青岛北站,青岛北
青岛站,青岛
青岛西站,青岛西
长沙南站,长沙南
长沙站,长沙
长沙南站,长沙南
长沙站,长沙
长沙南站,长沙南
长沙站,长沙
黄冈东站,黄冈东
黄冈站,黄冈
黄冈西站,黄冈西
黄口站,黄口
黄家店站,黄家店
黄山北站,黄山北
黄山站,黄山
齐齐哈尔南站,齐齐哈尔南
齐齐哈尔站,齐齐哈尔
肇庆东站,肇庆东
肇庆站,肇庆
秦皇岛站,秦皇岛
眉山东站,眉山东
眉山站,眉山
白银市站,白银市
白银西站,白银西
玉溪站,玉溪
炎陵站,炎陵
烟台南站,烟台南
烟台站,烟台
潍坊北站,潍坊北
潍坊站,潍坊
湘潭北站,湘潭北
湘潭站,湘潭
湛江站,湛江
湛江西站,湛江西
海口站,海口
